{
  "A": {
    "mass": 71.0371138,
    "hydrophob": 0.5
  },
  "R": {
	"mass": 156.1011110,
	"hydrophob": 1.81
  },
  "N": {
	"mass": 114.0429274,
	"hydrophob": 0.85
  },
  "D": {
	"mass": 115.0269430,
	"hydrophob": 3.64
  },
  "C": {
	"mass": 103.0091845,
	"hydrophob": -0.02
  },
  "Q": {
	"mass": 128.0585775,
	"hydrophob": 0.77
  },
  "E": {
	"mass": 129.0425931,
	"hydrophob": 3.63
  },
  "G": {
	"mass": 57.0214637,
	"hydrophob": 1.15
  },
  "H": {
	"mass": 137.0589119,
	"hydrophob": 2.33
  },
  "I": {
	"mass": 113.0840640,
	"hydrophob": -1.12
  },
  "L": {
	"mass": 113.0840640,
	"hydrophob": -1.25
  },
  "K": {
	"mass": 128.0949630,
	"hydrophob": 2.8
  },
  "M": {
	"mass": 131.0404846,
	"hydrophob": -0.67
  },
  "F": {
	"mass": 147.0684139,
	"hydrophob": -1.71
  },
  "P": {
	"mass": 97.0527639,
	"hydrophob": 0.14
  },
  "S": {
	"mass": 87.0320284,
	"hydrophob": 0.46
  },
  "T": {
	"mass": 101.0476785,
	"hydrophob": 0.25
  },
  "W": {
	"mass": 186.0793130,
	"hydrophob": -2.09
  },
  "Y": {
	"mass": 163.0633285,
	"hydrophob": -0.71
  },
  "V": {
	"mass": 99.0684139,
	"hydrophob": -0.46
  }
}
