{
  "A": {
    "mass": 71.0371138
  },
  "R": {
	"mass": 156.1011110
  },
  "N": {
	"mass": 114.0429274
  },
  "D": {
	"mass": 115.0269430
  },
  "C": {
	"mass": 103.0091845
  },
  "Q": {
	"mass": 128.0585775
  },
  "E": {
	"mass": 129.0425931
  },
  "G": {
	"mass": 57.0214637
  },
  "H": {
	"mass": 137.0589119
  },
  "I": {
	"mass": 113.0840640
  },
  "L": {
	"mass": 113.0840640
  },
  "K": {
	"mass": 128.0949630
  },
  "M": {
	"mass": 131.0404846
  },
  "F": {
	"mass": 147.0684139
  },
  "P": {
	"mass": 97.0527639
  },
  "S": {
	"mass": 87.0320284
  },
  "T": {
	"mass": 101.0476785
  },
  "W": {
	"mass": 186.0793130
  },
  "Y": {
	"mass": 163.0633285
  },
  "V": {
	"mass": 99.0684139
  }
}

